seq,name,slope
PEFPGIELQELQELQALLQQ,AH,-0.097905927
DLDESWDYIFETTE,EBNA2,1.91928383
PFPDTQDDFLKWWRSEEAQ,EKLF TAD1 (19-37),-0.148813674
DELSWIIELLEKDGK,ESX,NA
WTDQTAYNAFGITTGMFN,Gal4 (840-857),-0.217471342
TMDDVYNYLFDD,Gal4 (860-872),2.955681294
MKTVLPIPELDDAVVESFFSS,Gcn4 81-100,-0.218427951
QQNGEIAQLWDFN,Gln3,-0.146360634
MLSSHGFSVDTSALLDLFSP,hHSF1 AD1 (401-420),0.034657898
EFNDLLDLDFILSN,KLF4,1.507909879
EDDDEFSLWDSML,LexA scr top#1,1.951913075
MQSILEDFVSSE,Msn2 (235-246),-0.250000004
LNIDSMLDDYVSSD,Msn2 (motif b),-0.246647135
LFDYDFLFGNDFA,Oaf1 (1035-1047),6.938971534
ALDDDLDRAFELV,Pho4,-0.221984858
VADDIWEELLSEDL,plantHSFA2,0.661532925
LPPTEQDLTKLLLE,STAT6 (1OJ5),-0.2488674
MEPVDPRLEPWK,TAT(1-13),-0.249989219
DALDDFDLDML,VP16 (437-447),-0.247669425
MADEFEQMFTDALGIDEYGG,VP16 21aa,NA
DFDLDMLG,VP16 min,-0.241235386
DFDLDMLGDFDLDMLG,vP16 min x 2,7.720766659
EDLYSILWSDVY,Pdr1,0.971238337
LSQETFSDLWKLLPE,p53-AD1,-0.231431902
